﻿<?xml version="1.0" encoding="utf-8"?>
<publishData>
  <publishProfile publishUrl="C:\Users\kbingham\Documents\Visual Studio 2010\Projects\UMKC5551Group\Bingham_Sridhar_L4\IIS" deleteExistingFiles="False" ftpAnonymousLogin="False" ftpPassiveMode="True" msdeploySite="" msdeploySiteID="" msdeployRemoteSitePhysicalPath="" msdeployAllowUntrustedCertificate="False" msdeploySkipExtraFilesOnServer="True" msdeployMarkAsApp="False" profileName="Profile1" publishMethod="FileSystem" replaceMatchingFiles="True" userName="" savePWD="False" userPWD="" SelectedForPublish="True">
    <file relUrl="Scripts/jquery-1.4.1.min.js" publishTime="02/14/2013 15:22:52" />
    <file relUrl="LabPartners.asmx" publishTime="02/14/2013 15:24:03" />
    <file relUrl="Web.config" publishTime="02/16/2013 12:11:22" />
    <file relUrl="Styles/Site.css" publishTime="02/14/2013 15:22:52" />
    <file relUrl="Scripts/jquery-1.4.1-vsdoc.js" publishTime="02/14/2013 15:22:52" />
    <file relUrl="bin/Bingham_Sridhar_L4_Q2.pdb" publishTime="02/16/2013 12:11:22" />
    <file relUrl="bin/Bingham_Sridhar_L4_Q2.dll" publishTime="02/16/2013 12:11:22" />
    <file relUrl="Global.asax" publishTime="02/14/2013 15:22:52" />
    <file relUrl="Scripts/jquery-1.4.1.js" publishTime="02/14/2013 15:22:52" />
  </publishProfile>
</publishData>